date,text
21/11/23,"""Suppose the PVV were to become the largest party and we formed a majority, then you have a role as prime minister, and then you also have to be there for all Dutch people,"" says
@geertwilderspvv
  in #Op1. ''Without respect of persons. I would like to do that with great verve.'' #EO"
21/11/23,From all of you!
21/11/23,"Final De Hond poll: PVV largest with GL-PvdA in its wake, VVD third | Heart of the Netherlands"
21/11/23,The PVV is also number 1 among schoolchildren in the Netherlands!
21/11/23,"terrible weather, I'm in a debate
@one today
  but just heard it, that's shameful
@thierrybaudet
  has been attacked again, finally secure that man enough dammit!

Good luck, Thierry!"
21/11/23,One today
21/11/23,@One today
21/11/23,"PVV gains 10 more seats and is at the top in the latest seat poll, NSC sinks"
21/11/23,PVV OP 1 ❤️
21/11/23,In the latest poll we are the BIGGEST party in the Netherlands!
21/11/23,Make it the truth tomorrow and vote #PVV everyone!
21/11/23,Panic at the VVD.
21/11/23,The PVV is becoming too big for them.
21/11/23,They are now beating around wildly.
21/11/23,There is only 1 appropriate answer:
21/11/23,Make the PVV the largest party!
21/11/23,Everyone vote #PVV tomorrow.
21/11/23,👍👍👍
21/11/23,D66 paid a lot to have my name printed on the front page of the Volkskrant today.
21/11/23,And everyone now knows: #VotePVV!
21/11/23,Thank you
21/11/23,@jndkgrf
21/11/23,! 👍
20/11/23,"I believe you speak seven languages, Mr. Timmermans, but not the language of the people!
#oneofthedaydebate #VotePVV
#onetoday #PVV #Wilders"
20/11/23,"Six more seats!

Vote PVV on Wednesday to keep the GL/PvdA out of the government and let us become the largest, so that no one can ignore the PVV and the Dutch come first again! 👍

#PVV #VotePVV"
20/11/23,"Proud of our farmers. Let's cherish them and adapt national and EU rules to preserve them!

#oneofdaydebate #VotePVV #oneofday #PVV #Wilders"
20/11/23,"We should not spend 28 billion on climate with zero effect while our people can no longer afford their groceries. Invest smartly in climate adaptation that is cheaper and responsible!

#onetodaydebate #PVV #onetoday #VotePVV #Wilders"
20/11/23,"VVD and NSC do not rule out Timmermans. And with him there, nothing will change in asylum policy. The only way to ensure that this happens and Timmermans does not come to power is a very large PVV! So #VotePVV!

#onetoday #Wilders #onetodaydebate #PVV"
20/11/23,"The Netherlands now has an asylum crisis because the VVD has implemented the D66 policy in recent years!

#onetodaydebate #onetoday #PVV #VotePVV #Wilders"
20/11/23,"Terrible weather, I'm in a debate
@one today
  but just heard it, that's shameful
@thierrybaudet
  has been attacked again, finally secure that man enough dammit!

Good luck, Thierry!"
20/11/23,"A lot of people email me that they are going to vote PVV.
Often for the first time. Entire families and circles of acquaintances want a change of direction to blow in politics in The Hague. They want to be proud of their country again. That they will also be remembered for once. They want to help other people and countries, but at some point it ends, we can only spend every euro once, they say, and our country is already overpopulated. And of course they also want a home, a better filled wallet, affordable care and a safe country for their children. They are touched by and recognize themselves in our slogan 'Dutch first'.

Dear people, thank you for all the support. We do it for you, not for ourselves. Please all vote on Wednesday and we will do our best for you. Trying to make your dreams come true. Standing up for you like never before. By working together with other parties. With you in our hearts and minds always in place 1. I promise you that. ❤️

#VotePVV #PVV"
20/11/23,"This was previously filmed by asylum seekers themselves on a luxury cruise ship in Velsen where, thanks to the VVD Sts, they enjoyed full plates of hot food, free heating and five-star luxury. Many of our own Dutch families and elderly people do not have this! Shame!

So: #VotePVV!"
20/11/23,"Millions?

750 MILLION!

Madness.

Anyway, the Netherlands immediately knows why they should vote en masse for the PVV on Wednesday!

#VotePVV #PVV #asylumstop"
20/11/23,"What great support! 👍

#VotePVV #PVV"
20/11/23,"Vote for the PVV on Wednesday, we can become very big and only a very large PVV will keep GroenLinks/PvdA out!

#VotePVV #PVV"
20/11/23,"750 million euros for the care of fortune seekers on luxury cruise ships with free heating and expensive dinner buffets. While the Dutch can barely make ends meet.

Put an end to this madness and vote en masse for the PVV on Wednesday!

#VotePVV #PVV"
19/11/23,"Meatballs and Nintendo!

#youthjournaal #PVV"
19/11/23,"Building a tower together with
@DilanYesilgoz
  and
@HenriBontenbal
  (Henri was very good!) 😁

#youthjournal"
19/11/23,"The most famous among children!

#youthjournaal #PVV"
19/11/23,"And everyone belongs!

#youthjournaal #PVV"
19/11/23,"The PVV puts you all first!

#youthjournaal #PVV"
19/11/23,"Rotterdam.

“From the river to the sea”

I no longer want a Netherlands full of imported Jew-hatred and anti-Semitism. I'm completely done with it. Unacceptable. No more.

Stand up against this and #VotePVV Wednesday!"
19/11/23,Working together is better than arguing. We will have to work together to help the Netherlands move forward. Only that is of use to the Netherlands. Not who gets what job.
19/11/23,"I do.

I give the Dutch their country back. Houses, money, safety, care for our own people instead of giving everything away.

Dutch on 1!

#PVV #VotePVV"
19/11/23,"Nov 19
Tonight's Youth News 😁"
19/11/23,"It is our duty to work together to make it easier for Dutch families, to give them a little more breathing space. Make everyday life a little cheaper for them!

#debatvanhetzuiden #PVV #debatzuiden #VotePVV"
18/11/23,"A historically beautiful opening of the NOS eight o'clock news!

#PVV #VotePVV"
18/11/23,"We have to make better choices. Not if we spend money on left-liberal hobbies and on half the world, but put the Dutch first and make life a little more affordable for them!

#debatzuiden #debatvanhetzuiden #PVV #VotePVV #Wilders"
18/11/23,"The asylum influx must be reduced as much as possible and the Dutch must come to number 1!

#debatesouth #debateofthesouth
#PVV #VotePVV #Wilders"
18/11/23,"I do.

I give the Dutch their country back. Houses, money, safety, care for our own people instead of giving everything away.

Dutch on 1!

#PVV #VotePVV"
18/11/23,"*** GAME CHANGER! ***

PVV +5 and on 26 seats! 👍

Shared 1st place with the VVD.

No one can ignore the PVV voter anymore! Today's latest poll from
@mauricedehond
.

#VotePVV #PVV"
18/11/23,"Therefore: vote en masse #PVV!

Both VVD and NSC do not rule out GL/PvdA and then there will only be more asylum seekers, so the best guarantee for fewer asylum seekers is a very large PVV! Put the Dutch first again!

#StemPVV #NederlandersOp1"
18/11/23,"D66 Minister Ernst Kuipers has his photo taken with the Taliban. A terrorist organization of murderers and extremists of the worst kind. What an incredible disgrace! Shameful.

#D66 #Taliban #Terror"
17/11/23,"Leading the way in Brabant! 👍

#PVV #VotePVV"
17/11/23,"Mr Timmermans, you receive €15,000 per month in redundancy pay from the European Commission, you can wait but this lady has no money and cannot wait, as a leader of social democracy you have completely lost touch with reality!

#Timmermans #Wilders #SBS6"
17/11/23,"❤️

Wilders wins SBS debate according to viewers, also according to voters VVD and NSC"
17/11/23,"Could the four of us agree to ensure that the hospital in Heerlen remains open!

#debatvannl #PVV #VotePVV
#Wilders"
17/11/23,"The Netherlands would like the PVV to participate!

#debatvannl #PVV #VotePVV
#Wilders"
17/11/23,"Dutch again on 1!

#debatvannl #PVV #StemPVV
#Wilders"
17/11/23,"Mr Timmermans, you receive €15,000 per month in redundancy pay from the European Commission, you can wait but this lady has no money and cannot wait, as a leader of social democracy you have completely lost touch with reality!

#Timmermans #Wilders #SBS6"
15/11/23,"It was fun tonight
@todayinside
! 👍"
15/11/23,"PVV also continues to grow
@IenOResearch
  +2 and on 20!

#PVV #VotePVV"
15/11/23,"Warning about the dangers of Islam - I have lost my own freedom for almost twenty years because of criticism of Islam - is in our DNA and is a freedom struggle. But it will not hinder our chances of governing.

#newshour #Wilders #PVV #StemPVV #elections2023"
15/11/23,"We are right-wing conservative when it comes to law and order and immigration. At the same time, we are social, which is a concept on which the left does not have a monopoly. Socially, you pay attention to the people in difficult neighborhoods who pay the price for mass immigration. For people who can no longer afford groceries or rent. That is being spun as left-wing, but those people are actually being let down enormously by the left.'

Today in the
@volkskrant
."
15/11/23,"Warning about the dangers of Islam - I have lost my own freedom for almost twenty years because of criticism of Islam - is in our DNA and is a freedom struggle. But it will not hinder our chances of governing.

#newshour #Wilders #PVV #StemPVV #elections2023"
15/11/23,"I am a democrat through and through. And I think that politicians in The Hague should listen better and more often to the people.

#newshour #Wilders #elections #PVV #VotePVV"
14/11/23,"Guest at
@Nieuwsuur
!

#PVV #VotePVV #Wilders"
14/11/23,"To the anger of the Palestinians in Gaza itself, Hamas terrorists hide among patients in hospitals, making them targets."
14/11/23,"PVV on 1! ❤️

#PVV #VotePVV"
14/11/23,"The PVV is always and everywhere! 👍

#VotePVV #PVV"
14/11/23,"That's why: #VotePVV!
Cita
The Telegraph
@Telegraph
·
Nov 14
Two people were injured at the asylum seeker center (azc) in the Frisian village of Sint Annaparochie on Monday evening, probably after a mutual argument. https://telegraaf.nl/nieuws/596660523/twee-gelikken-bij-vermoelijke-tekenfeest-azc-sint-annaparochie?utm_source=twitter&utm_medium=social&utm_campaign=seeding-telegraaf"
13/11/23,"Interview with Suze Mens from Business Class. 👍

#PVV #VotePVV #Wilders"
13/11/23,"Interview Wilders: 'Had difficult times, not all roses and moonshine' | House of Representatives elections 2023 | http://NU.nl"
13/11/23,"PVV PAGE
@Telegraph
  😃

#PVV #VotePVV"
13/11/23,"We have to make the right choices. The Dutch yearn for tax relief!

#RTLdebate #PVV #Wilders
#rtlelectiondebate"
13/11/23,"We must invest in healthcare! Our elderly deserve that!

#RTLdebat #PVV #Wilders #rtlelection debate"
13/11/23,"Put the Dutch first and give them priority housing!

#rtlelectiondebate
#PVV #Wilders #RTLdebate"
12/11/23,Happy #Diwali to all my Hindu friends all over the world!
12/11/23,"Editor-in-chief for a few hours at the
@Telegraph
  today, together with other party leaders. Tomorrow in the newspaper! 😁"
11/11/23,"Great PVV +2 seats and on 21!

Almost past Timmermans 😁

Vote for an asylum stop and Dutch people first, #StemPVV!"
11/11/23,In NYC they take down the American Flag. This is no peaceful demonstration but an act of hate.
11/11/23,LONDON HAS FALLEN
11/11/23,"They build houses for immigrants, but the Dutch are left behind.

Put the Dutch first again and #VotePVV!"
11/11/23,"The VVD (and NSC) does not rule out that they will govern with GL/PvdA after all. That's telling. Timmermans will not get anywhere with a strong asylum and immigration policy.

The only way to prevent that is a very big #PVV. So that no one can ignore us. So #VotePVV!"
11/11/23,"Stop the asylum invasion!

#VotePVV #PVV"
11/11/23,"Asylum seekers receive a Visa card with free money while millions of Dutch people are struggling financially.

Madness. Vote #PVV on November 22 and they will not get a Visa but an exit ticket!

https://telegraaf.nl/financieel/388468835/asielzoekers- Krijgen-visa-kaart via
@Telegraph"
11/11/23,"Just the way the #PVV wants it!

Stop spending tens of billions on nitrogen, climate, development aid, etc. and spend that money to lower people's rents, reduce VAT on groceries and energy and scrap the deductible!

#VotePVV #PVV"
10/11/23,"WAUW 🤩 

@geenstijl"
10/11/23,"Madness. We have a shortage of hundreds of thousands of homes, but there will be shelter for 96,000 fortune seekers. They will then also be given priority for social rental housing.

The PVV wants an asylum stop and housing with priority for our own people! Dutch on 1!

#PVV #VotePVV"
10/11/23,"Today, 28 declarations were signed in response to Islamic death sentences - fatwas - and threats from Muslims who want to murder me in a brutal manner. Every day again, but luckily I'm still alive. 👍

#stopislam #Wilders #PVV"
09/11/23,"Mahmoud Abbas - Abu Mazen - has no business here
@MinPres
  Rutte. Don't invite that man. It is one of the worst anti-Semites who blamed Jews for the Holocaust. His corrupt rule has allowed Hamas to grow. Don't let that Jew hater into the Netherlands!"
09/11/23,"“Cuddle cats with Geert Wilders”

Together with Bart from the NOS Jeugdjournaal, we visit stray cats from Rijnmond!

😻😻😻"
09/11/23,The misery is starting again at the home of one of our PVV States members in Friesland. A report has been filed.
09/11/23,"Geert Wilders (PVV): “Asylum quota? Yes, zero”"
08/11/23,"Everything we hold dear has been given away. Our money, our safety, our homes, our care. The whole country has been put up for sale.

We want to give the Netherlands back to the Dutch. Reconquer the Netherlands.

On November 22.

Join us and #VotePVV!"
08/11/23,"Was a guest tonight
@ShownieuwsSBS6
  it was a very nice broadcast!"
07/11/23,😻😻😻
07/11/23,"This afternoon we visited the Rijnmond Stray Cat Foundation together with the NOS Jeugdjournaal.

What great work they do there, I will become a donor tonight, will you?

http://zwerfkattenrijnmond.nl"
07/11/23,What a beautiful note ❤️
07/11/23,"I am very optimistic, support for the PVV is growing and we want to participate in government. And only with us will a strong asylum and immigration policy be possible, so #VotePVV!

@RTLnieuws
  #PVV #Wilders"
07/11/23,Thank you Ruud Kraan! 👍
06/11/23, 👍
06/11/23,"Campaign!

We're going to do this tomorrow!

#PVV #VotePVV"
06/11/23,"NSC and VVD voters want to govern with the PVV 👍

#PVV #VotePVV"
06/11/23,❤️
06/11/23,"Coalition with PVV popular with voters! 👍

#PVV #VotePVV"
05/11/23,❤️
05/11/23,"Islam is the problem.

I have been warning for Islam for more than 20 years now.

Mullahs gave me fatwas and ordered Muslims to kill me.
Prosecutors took me to court.
Countries declared me persona non grata.

But I repeat the truth:

Islam is the problem.

#stopislam #Islam"
05/11/23,"Berlin. And everywhere in Europe. Disgusting. The result of years of open borders and left-liberal cultural relativism.

I am done.
Get rid of those guys.
Go protest in Gaza.
Against the terror of Hamas and the corruption of Abbas.

#bordersclose #VotePVV #PVV #Wilders"
05/11/23,"How fantastic it would be for healthcare in the Netherlands if
@FleurAgemaPVV
  would become the new Minister of Health! 👍

#PVV #VotePVV"
05/11/23,"Everyone sees it now.
The VVD of
@DilanYesilgoz
  has done absolutely NOTHING to limit the asylum and migration influx over the past ten years, despite all their promises just before the elections. So don't believe their talk and #VotePVV!"
05/11/23,"Everyone sees it now.
The VVD of
@DilanYesilgoz
  has done absolutely NOTHING to limit the asylum and migration influx over the past ten years, despite all their promises just before the elections. So don't believe their talk and #VotePVV!"
05/11/23,"The falsity of
@RTLnieuws
  who did everything not to invite me to the debate tonight is indicative of the level of 'independent' journalism in the Netherlands. Crawling to power. No dissent. No PVV.

On November 22, prove them wrong en masse and #VotePVV!"
05/11/23,"One big pot of wet. They want to continue together after the elections and then nothing will change in the Netherlands.

There is only one way to prevent that and put the Dutch first again: make the #PVV very big: #VotePVV."
05/11/23,"They want a Caliphate, an Islamic utopia, in Europe.

For those who don't want that: #VotePVV"
04/11/23,"Israel is fighting for its existence. Against the forces of hate, barbarism and terrorism.

No Israeli wants unnecessary civilians to be killed. But Hamas needs to be eliminated.

We have to fully support Israel and the Jewish people!

#ISupportIsrael #Israel #Wilders #PVV"
03/11/23,"D66 is at 3, excuse 4 seats in the polls, Mr. Jetten, because your party considers left-wing hobbies more important than the problems of ordinary Dutch people.

#radio1debate #VotePVV"
03/11/23,"A vote for the VVD is therefore a vote for GL/PvdA.

#radio1debat #VotePVV"
03/11/23,"Shocking that
@F__Timmermans
  Israel blames hatred. Israel and the Jewish people deserve nothing but our full support.

#radio1debat #Israel #ISupportIsrael #PVV #Wilders"
03/11/23,"That's weak
@DilanYesilgoz
  she cannot stand criticism that her party has broken ALL promises about asylum over the past ten years and allowed everyone into our country. It's the truth. And it needs to be said.

The voter knows what to do: #VotePVV

#radio1debate"
03/11/23,"The press is at my feet.

#radio1debate"
03/11/23,"61% of all Germans now advocate no longer accepting people from Islamic countries into Germany.

“61 Prozent plädieren nun dafür, keine weiteren Menschen aus islamischen Ländern in Deutschland aufzunehmen.”"
03/11/23,"This is what they want.

The annihilation of Israel.

Killing Jews.

Barbarians of the worst kind.

It's not a war about land, it's an Islamofascist war against Jews and Israel and the rest of the free world will be next.

#Israel #ISupportIsrael"
03/11/23,"This is how the Netherlands becomes strong again:

* stop asylum/migration
* criminal scum in jail/out of the country
* billions of € not to nitrogen climate/Africa/EU but for citizens' wallets + healthcare
* houses for our own people instead of status holders
* support for farmers and fishermen

#PVV #VotePVV"
02/11/23,"November 2, 2004

19 years ago, Theo van Gogh was murdered by a Muslim terrorist because of criticism of Islam.

We honor him by continuing to speak the truth about Islam.

Anyone who chooses #freedom rejects #Islam.

#theovangogh #stopislam"
01/11/23,Anti-Semitic scum.
01/11/23,"But saying less is not allowed.

#PVV #VotePVV"
01/11/23,"Unfortunately, this will NOT take place this Saturday. The management of Westfield Mall does not want to receive us as PVV because of politics and when we approached Hoog Catharijne Utrecht as an alternative, they indicated that they did not want to receive us because of safety.

This makes it difficult to campaign."
01/11/23,"Billions are spent to fill our country with fortune seekers. Money we should have spent on our own people!

Stop this mismanagement and #VotePVV on November 22!"
01/11/23,"We let the wrong people in. The Netherlands is no longer the Netherlands. And we have to change that because people want their country back.

#PVV #VotePVV
@WNLVandaag"
01/11/23,"It is not a conflict over land but over ideology. Of civilization versus barbarism. From people who love life to terrorists who love death. Never let hatred of Jews win!

#Israel #Hamas_is_ISIS
@WNLVandaag"
01/11/23,"The world has gone crazy.
The UN is a farce."
01/11/23,"What a rubbish report about former chairman Arib. Raised voices, emotional suffering, what lame nonsense. She was simply victimized by Bergkamp and the presidency. Shameful.

#Arib"
31/10/23,"Unbelievable that BBB did not support the proposal to declare the Coercion Act controversial in the Senate. Now that terrible law will be dealt with quickly in the Senate.

#PVV #VotePVV #asylum stop"
31/10/23,"Next Saturday, November 4 at 1 p.m. I will be in the 'Westfield Mall of the Netherlands' in Leidschendam!

Nice to see you then!
Until then!

#PVV #VotePVV #Wilders"
31/10/23,"Frans Timmermans of GroenLinks and the PvdA is clearly in panic.

#PVV #VotePVV
@WNLVandaag"
31/10/23,"We let the wrong people in. The Netherlands is no longer the Netherlands. And we have to change that because people want their country back.

#PVV #VotePVV
@WNLVandaag"
31/10/23,"It is not a conflict over land but over ideology. Of civilization versus barbarism. From people who love life to terrorists who love death. Never let hatred of Jews win!

#Israel #Hamas_is_ISIS
@WNLVandaag"
31/10/23,"They shout “From the river to the sea”. Incredible and totally unacceptable.

So ashamed to have Israel haters like
@StephanvBaarle
  in our national parliament. I hope he will be prosecuted for incitement to violence.

#ISupportIsrael #Hamas_is_ISIS"
30/10/23,"Maastricht University offers Sharia training. Hamas, Al Qaeda, ISIS and the Taliban also apply this “right”. Soon we will have Sharia courts here.
Very dangerous!

Introduction to Islamic Family Law - meta - Maastricht University https://curriculum.maastrichtuniversity.nl/nl/meta/469343/inleiding-islamitisch-familierecht"
30/10/23,"Close that place.
And the imam left the country. Immediately!"
30/10/23,"One front against terror? Do not make me laugh. Until today, you have tolerated a convicted Muslim terrorist in your own party for years and not expelled because her terrorist group wanted to kill MPs like me, but because your former party leader was defrauded.

#SoumayaSahla"
30/10/23,"My four point plan for the Netherlands

1. Asylum stop: borders closed
2. Criminals, jihadists, terrorists and all their fans: leave the country
3. The Netherlands is not an Islamic country: less Islam
4. Our own people first: Dutch people first again

#StemPVV #PVV #NederlandersWeerOp1"
30/10/23,#ISupportIsrael #StopHamas
30/10/23,"So she was beheaded. Shani Louk. By the barbarians of Hamas.

My thoughts go out to her family and friends and the other hostages. What unimaginable suffering.

#ShaniLouk"
30/10/23,"New 'Letter from Jan' - to Soumaya Sahla

https://buttkicken.nl/briefje-van-jan-aan-soumaya-sahla-2/

#VVD #cancellation #Bolkestein"
30/10/23,"What an embarrassment for the
@VVD
  that she has been involved with a convicted Muslim terrorist for years, ignored my years of opposition to this in the House of Representatives, and will only expel her after her own former party leader has been defrauded.

#SoumayaSahla"
30/10/23,"One front against terror? Do not make me laugh. Until today, you have tolerated a convicted Muslim terrorist in your own party for years and not expelled because her terrorist group wanted to kill MPs like me, but because your former party leader was defrauded.

#SoumayaSahla"
30/10/23,"What an embarrassment for the
@VVD
  that she has been involved with a convicted Muslim terrorist for years, ignored my years of opposition to this in the House of Representatives, and will only expel her after her own former party leader has been defrauded.

#SoumayaSahla"
30/10/23,Finally #SoumayaSahla has been expelled by the VVD. The convicted Muslim terrorist from the Hofstad group who wanted to kill me. And now Frits Bolkestein also appears to have been defrauded. Unbelievable that the VVD ever became involved with a convicted terrorist.
30/10/23,Finally #SoumayaSahla has been expelled by the VVD. The convicted Muslim terrorist from the Hofstad group who wanted to kill me. And now Frits Bolkestein also appears to have been defrauded. Unbelievable that the VVD ever became involved with a convicted terrorist.
29/10/23,"Mohammed Deif محمد الضيف commander-in-chief of Hamas - is sung and praised in the Dutch streets. Waking
@Het_OM
  and
@DilanYesilgoz
!"
29/10/23,#StopHamas #SupportIsrael
29/10/23," I would be Prime Minister I would arrest them all.

Our streets are no mosques. 

#Wilders #PVV #STOPimmigration #IsraelPalestineWar"
29/10/23,"I am sick and tired of VVD members with their politically correct talk, they have allowed all the scum that make our streets unsafe and are now waving the wrong flags and shouting anti-Semitic slogans in here, have given terrorists a Certificate of Good Conduct, and are now faking concern."
29/10/23,"They are silent, it is eerily quiet there, many Muslims apparently agree with the Hamas terror.

It is also what the prophet #Mohammed preached and what is written in the Koran: hatred and violence against Jews and non-Muslims."
29/10/23,"Unbelievable, this convicted Muslim terrorist was a member of a terrorist group that wanted to kill me and was invited and walked around the House of Representatives. Disgusting, even there I am not safe
@VVD
 
@DilanYesilgoz
  and
@PieterOmtzigt
."
29/10/23,"Listen and shiver.
And he's not the only one.
We already have Islamic terror within our borders.
And the #PVV says enough is enough.
Borders closed and the scum out!"
29/10/23,"Congratulations Turkey!

Now just get rid of Islamist dictator
@RTErdogan
  and elect a leader proud of Ataturk's legacy who will focus on a true secular state, invest in the security and rights of women and stops the mass immigration of Arabs to Turkey.

#Ataturk #Turkey #Erdoğan"
28/10/23,"The most popular government among voters Omtzigt/NSC and VVD is NSC + VVD + BBB + PVV!

54% of voters want Omtzigt with PVV and only 17% with PvdA/GL.

#PVV #VotePVV
@mauricedehond"
28/10/23,"London.

A suburb of Gaza.

We are losing our homelands."
28/10/23,"If I would be Prime Minister I would arrest them all.

Our streets are no mosques. 

#Wilders #PVV #STOPimmigration #IsraelPalestineWar"
28/10/23,"Without the #PVV, an #asylum stop will never happen! So #VotePVV on 22/11!

Today in the
@ADnl
  !

https://shorturl.at/mqNWY"
28/10/23,"Without the #PVV, an #asylum stop will never happen! So #VotePVV on 22/11!

Today in the
@ADnl
  !

https://shorturl.at/mqNWY"
28/10/23,"Good luck Israel 🇮🇱.

Destroy Hamas. Their ideology of terror, hatred, anti-Semitism and barbarism is a threat to all of us, to the whole free world. So you are also fighting for us.

Toda raba! #Israel #HamasislSIS #IStandWithIsrael"
27/10/23,#ISupportIsrael #StopHamas
27/10/23,"On to November 22! 👍

#PVV #VotePVV"
26/10/23,"All the best
@thierrybaudet
Shameful that this could happen, please take care of yourself!"
26/10/23,"Someone is missing
@RTLnieuws
."
26/10/23,"22 Certificates of Good Conduct for convicted terrorists! It is an unprecedented shame. Is that convicted Muslim terrorist Soumaya Sahla who is active for the
@VVD
  there too
@DilanYesilgoz
??"
26/10/23,"Omtzigt sits on a seat of the PVV.

When he left the CDA, he asked me if he could sit on a PVV seat in the Council of Europe. Of course I said yes, he does important work there. But apparently the PVV's rule of law is in good shape after all.

@ewmagazinenl"
25/10/23,"PVV rises to 19! 👍

#PVV #VotePVV
@IenOResearch"
25/10/23,"The party
@DenkNL
  should disappear from the House of Representatives forever. They symbolize everything that the Netherlands is not and should never become. Every seat they get destroys the Netherlands more. I will fight them politically until there is nothing left of them in parliament."
24/10/23,"Election program Think.

What a horrible mess.

Lies, deceit and hatred.

#StopThink #StopIslam"
24/10/23,"That's 50,000 too many!

#PVV #VotePVV"
24/10/23,"No party leader is talking about #Islam. Only about radicals, extremists, terrorists, Hamas. With so much political correctness and cowardice we will never solve the problems. The problem is the Islamization of the Netherlands and Europe. It must be stopped. The rest is blah blah."
23/10/23,"Podcast-interview ⁦
@ADnl
⁩. 

#PVV #StemPVV"
23/10/23,"Today at
@tijdvoormax
  👇"
23/10/23,"Wilders lashes out at 'weak' Yesilgöz because of anti-Israel Protest: 'Ban flags and slogans'
#PVV #VotePVV"
23/10/23,"Hamas butchers at work.

Excruciating.

Read this:  👇"
23/10/23,"This morning I was a guest at the
@ADnl
  in Rotterdam for a podcast and newspaper interview. Was a lot of fun! Their podcast will be online today and the newspaper interview will be published later this week.

#PVV #VotePVV"
23/10/23,That's why 👉 #VotePVV!
22/10/23,The NOS News is like Palestinian TV. Unbelievable what one-sided Palestinian propaganda.
22/10/23,"Amsterdam.

This is unprecedented.

  Throughout the Netherlands and Europe.

They are crawling from every nook and cranny into our streets with their terrorist flags.

And no one does anything. Instead of sweeping our streets clean, Rutte, Yesilgoz and everyone else capitulate.

#VotePVV #PVV"
22/10/23,Gear.
22/10/23,Londonistan.
22/10/23,Exactly 19 years ago - in October 2004 - I lost my #freedom due to threats and fatwas due to criticism of Islam. I'll probably never get that freedom back. But I will do everything I can to ensure that the Netherlands remains a free country and to stop Islamization.
21/10/23,"PVV 20 ❤️

#PVV #VotePVV"
21/10/23,"Rotterdam ❤️

#PVV #VotePVV"
21/10/23,The Netherlands is no longer the Netherlands. I want my Netherlands back! Do you want Dutch people to be number 1 again? Then vote #PVV!
21/10/23,"ROTTERDAM CAMPAIGN

❤️

#Rotterdam #PVV #VotePVV"
21/10/23,"Speech kick-off campaign Venlo!

The PVV is doing well! More and more people support the PVV. The Netherlands also needs a strong and large PVV to solve the problems with asylum, immigration and the growing terrorist threat!

#PVV #VotePVV"
21/10/23,"This is my flag.

#Netherlands #PVV #VotePVV"
21/10/23,"Interesting
@DilanYesilgoz
. Meanwhile, Hamas flags are flying in The Hague and the police are okay with it. Are we going to do anything about that before lunch with the French minister?

#hamasiISIS #Hamas"
21/10/23,"The CDA excludes the PVV.

But the CDA is in a college in The Hague together with DENK.

And now the terror flags of Hamas are flying in the streets of The Hague.

Thank you
@HenriBontenbal
.

#PVV #VotePVV"
21/10/23,"Hamas flag in The Hague.

The terrorist supporters are simply taking over our streets.

Outrageous and unacceptable.

Pick them up and secure them. All. And if possible, deport her from the country today.

There is no place for Muslim terror in the Netherlands.

#PVV #VotePVV"
20/10/23,"Speech kick-off campaign Venlo!

The PVV is doing well! More and more people support the PVV. The Netherlands also needs a strong and large PVV to solve the problems with asylum, immigration and the growing terrorist threat!

#PVV #VotePVV"
20/10/23,"CAMPAIGN KICK-OFF IN VENLO

#PVV #VotePVV"
20/10/23,"And just with our number 3 on the PVV candidate list
@MeetelenRachel
  into the haunted house at the Venlo fair!

#PVV #VotePVV"
20/10/23,"Venlo ❤️

Full house at the campaign kick-off!

The PVV wants to join the government!

#PVV #campaignkickoff"
20/10/23,"They want money and recognition and more money and more recognition, and more money and more recognition, it never ends.

Bowing doesn't help, saying no does. The Royal Couple would have been better off staying in the Netherlands.

#statevisit #CapeTown"
20/10/23,"Wrong. The shahada - testimony that ONLY Allah may be worshiped and Mohammed is his messenger - flag is used against non-Muslims as pure terror. It is the flag of terrorism of the jihad (black), the caliphate (white), the Taliban, IS, Jabat al Nusra, Al-Shabaab, etc."
19/10/23,Taliban flag at Palestinian demo in Utrecht today. Tomorrow ISIS and the day after tomorrow will see Hezbollah flags in our streets. Because no one dares to forbid the scum from marching through our cities. Our leaders sign the surrender. Not me. Never. #VotePVV on 22/11.
19/10/23,Look carefully and #VotePVV!
19/10/23,"PVV motion not to increase the gas tax for households next year rejected. Incredible. Take a good look at who all voted against.

#PVV #VotePVV"
19/10/23,"Terrible news that a Dutchman is also being held hostage by Hamas terrorists. We deeply sympathize with the family of Ofir Engel and hope with them that he - like all other hostages - will be released as soon as possible.

#Israel"
19/10/23,"Arabs burning down a synagogue in Tunisia.
What a disgrace, what an act of utter barbarism.

#Israel #Tunisia"
18/10/23,"At #DENK they want the total destruction of #Israel.

That you know.

It doesn't get much sicker or more dangerous."
18/10/23,"Hamas is the worst kind of Islamic terror organization. Everything must be done to defeat and destroy them together with their brothers from ISIS, Al Qaeda, Taliban, Islamic Jihad, Hezbollah and others.

Their destruction will be a victory of reason, humanity and freedom."
18/10/23,"Bruins Slot should not ask Qatar for mediation, but ask for the extradition of #Hamas leader and Islamic terrorist Khaled Mashal, who last week - unfortunately successfully - called on Muslims from Qatar to commit terror."
18/10/23,"It is always terrible when there are civilian casualties, according to Israel the rocket came from the barbaric terrorist organization Islamic Jihad.

#Islamic_terrorists"
18/10/23,"A Muslim terrorist with the VVD.

#SoumayaSahla

Convicted of membership of a terrorist organization and prohibited possession of weapons.

Shouted #AllahuAkbar upon her arrest.

Her Hofstad group wanted to kill me.

Why does the
@VVD
  not her? Where is the moral compass of the VVD?"
17/10/23,"A Muslim terrorist with the VVD.

#SoumayaSahla

Convicted of membership of a terrorist organization and prohibited possession of weapons.

Shouted #AllahuAkbar upon her arrest.

Her Hofstad group wanted to kill me.

Why does the
@VVD
  not her? Where is the moral compass of the VVD?"
17/10/23,"Convicted IS terrorist worked for Refugee Council.

Convicted Hofstad group terrorist still works for the
@VVD
.

This country is crazy.

Put an end to this madness and vote en masse for the #PVV on 22-11!"
17/10/23,VVD retrieves convicted Muslim terrorist. She was a member of the Hofstad group that wanted to kill me. A kind of Dutch Hamas. So rig.
17/10/23,"I have been warning for years about all that Islamic violence. Nobody listened. And still no one dares to mention it.

I do. Even if it has cost me my freedom for 20 years. The violence of #Islam does NOT belong to the Netherlands.

Vote PVV en masse on 22-11 so that no one can look away!"
16/10/23,"I have been warning for years about all that Islamic violence. Nobody listened. And still no one dares to mention it.

I do. Even if it has cost me my freedom for 20 years. The violence of #Islam does NOT belong to the Netherlands.

Vote PVV en masse on 22-11 so that no one can look away!"
16/10/23,"According to the Walloon newspaper Sudinfo, the murderer is said to have groups of “Allahu Akbar”."
16/10/23,"Asking to
@MinPres
  Rutte and Minister
@DilanYesilgoz
  about the need for maximum security of Jewish institutions in the Netherlands:

https://tinyurl.com/2eu4y2jk"
16/10/23,"As long as we don't stop letting everyone in from Islamic countries, things will only get worse and worse.

#Israel #bordersclose #PVV #VotePVV"
16/10/23,"And another 1400 in 1 week.

The
@VVD
  lets everyone in and appoints a convicted Muslim terrorist - Soumaya Sahla - to their Migration and Integration party network."
16/10/23,"And another 1400 in 1 week.

The
@VVD
  lets everyone in and appoints a convicted Muslim terrorist - Soumaya Sahla - to their Migration and Integration party network."
15/10/23,"Pakistanis eat the Israeli flag.
I hope they choke on it.

#ISupportIsrael"
15/10/23,VVD retrieves convicted Muslim terrorist. She was a member of the Hofstad group that wanted to kill me. A kind of Dutch Hamas. So rig.
15/10/23,"Look how many demonstrators all over Europe and also in the Netherlands are waving Palestinian flags and shouting Allahu Akhbar. Hamas can be satisfied. It's too scary for words.

Get out of here! I want my Netherlands back!

#Hamas #HamasTerrorist"
15/10/23,"This demo should be banned immediately.

They shout “From the river to the sea” or that all Jews between the Jordan River and the Mediterranean Sea must be expelled or expelled. killed.

This is a call to violence
@DilanYesilgoz
  and burg. Halsema."
15/10/23,"Look how many demonstrators all over Europe and also in the Netherlands are waving Palestinian flags and shouting Allahu Akhbar. Hamas can be satisfied. It's too scary for words.

Get out of here! I want my Netherlands back!

#Hamas #HamasTerrorist"
14/10/23,"And another seat. ❤️

The PVV now has 20 seats and is approaching the top 3!

Make us even bigger and the Netherlands safe again.

#VotePVV #PVV"
14/10/23,Hamas in Austria.
14/10/23,"Well, that anti-Semitic corrupt dictator would certainly have appreciated that. Just like Kaag. Everyone's friend. Don't you have to leave yet?

#Israel #Hamas"
14/10/23,"London.

Not Hebron or Rafa but London.

Massive support for the butchers.

How did our governments let this happen?

Why did we let all these people in?

#London #Gaza #Hamas #Israel #HamasISIS"
14/10/23,"Massive support for Hamas in Paris.

Do you want this in the Netherlands?

Vote for any party.

Do you not want this in the Netherlands?

Then vote PVV.

#Hamas #Israel #VotePVV"
14/10/23,"And in the meantime, the asylum misery and nuisance in the Netherlands continues because no one is thinking of closing our borders to these kinds of profiteers and nuisance makers and finally introducing an asylum stop.

#asylumstop #PVV #VotePVV
@DeGelderlander"
14/10/23,"Barbarians. Savages of the worst kind. Hamas must be totally destroyed.

#Hamas #HamasTerrorist 
#Israel"
13/10/23,"As long as we don't stop letting everyone in from Islamic countries, things will only get worse and worse.

#Israel #bordersclose #PVV #VotePVV"
13/10/23,There has been an independent Palestinian state since 1946: the Kingdom of Jordan. Jordan is Palestine. Palestinian people should be given the right to voluntarily settle in Jordan and freely elect their own government. Let the Hashemite Kingdom become a true democracy! #Israel
13/10/23,There has been an independent Palestinian state since 1946: the Kingdom of Jordan. Jordan is Palestine. Palestinian people should be given the right to voluntarily settle in Jordan and freely elect their own government. Let the Hashemite Kingdom become a true democracy! #Israel
13/10/23,"COME TO ROTTERDAM TOO!

#PVV #StemPVV #Rotterdam"
13/10/23,"Mayor #Aboutaleb of Rotterdam should be fired. His loyalty clearly doesn't lie here. The fact that he refused to show solidarity with Israel was already reprehensible, but going on a sweet trip to Morocco during an important council debate about it is bizarre and unforgivable."
13/10/23,"Massive support for Hamas in Paris.

Do you want this in the Netherlands?

Vote for any party.

Do you not want this in the Netherlands?

Then vote PVV.

#Hamas #Israel #VotePVV"
13/10/23,"It already starts there.
Friday half past nine."
13/10/23,"Mayor #Aboutaleb of Rotterdam should be fired. His loyalty clearly doesn't lie here. The fact that he refused to show solidarity with Israel was already reprehensible, but going on a sweet trip to Morocco during an important council debate about it is bizarre and unforgivable."
13/10/23,"Paris. 

All over Europe.

Millions of people who don’t share our values.

Who applaud butchers. 

Who defy freedom.

We have to close our borders.

And stop the further Islamization of our homelands.

#Israel #Hamas"
13/10/23,"Unbelievable what a scumbag that yesterday in Amsterdam trampled flowers for murdered Israelis, called demonstrators as jerks and shouted Allahu Akbar. Arrest and immediately deported from our country as far as I'm concerned.

#Israel"
12/10/23,"We should never have let in so many people who do not belong to our own culture. Islam is antithetical to freedom and equality. There are thousands of jihad sympathizers in the Netherlands.

The hatred towards non-Muslims, Christians, gays, Jews. It does not belong to NL."
12/10/23,"Hamas declares Friday the Day of Global Jihad.

Jewish schools in Amsterdam will close tomorrow. Totally unacceptable. The security of Jewish schools and places of worship must be guaranteed at a high level.

Today the PVV submitted a motion about this. Tuesday votes."
12/10/23,"Founder Hamas calls on Muslims to start a global Jihad on Friday. I hold my breath. Europe and the Netherlands must also be very alert, because unfortunately they are capable of anything, including attacks.

#Hamas #Israel #jihad"
12/10/23,"Friday, October 20, the start of the PVV campaign in beautiful Venlo, Limburg!

All PVV friends are very welcome! 👍

*** Please note NEW LOCATION ***

#PVV #VotePVV"
12/10/23,"After so many years of worldwide terror attacks in the name of Muhammad by Hamas, ISIS, Taliban, Al Qaida and other savages, we are still shocked by their atrocities. 

When will we finally learn that they really hate us including our concept of a free and democratic society? 

When do we finally acknowledge that they love death even more than we cherish live?

When do we finally realize that we have to stop giving in to their demands, that we have to stop allowing them to enter our homelands and that we will
not negotiate our values and reject any form of cultural relativism? 

When do we regain our pride for the sake of the security of our people and the welfare and future of our children?

When do we finally stand up against their totalitarianism and violence?

When do we say: no more!

When will we elect political leaders with guts and stamina?

I have advocated this for almost 20 years. That’s why they want to kill me. But together we are strong and freedom will prevail, 

Join me now. 

It’s not too late, yet.

#freedom #Hamas #HamasTerrorism #islam #Muhammad #israel #ISIS #alqaida #Taliban #terrorism 
#PVV #Wilders"
11/10/23,"After so many years of worldwide terror attacks in the name of Muhammad by Hamas, ISIS, Taliban, Al Qaida and other savages, we are still shocked by their atrocities. 

When will we finally learn that they really hate us including our concept of a free and democratic society? 

When do we finally acknowledge that they love death even more than we cherish live?

When do we finally realize that we have to stop giving in to their demands, that we have to stop allowing them to enter our homelands and that we will
not negotiate our values and reject any form of cultural relativism? 

When do we regain our pride for the sake of the security of our people and the welfare and future of our children?

When do we finally stand up against their totalitarianism and violence?

When do we say: no more!

When will we elect political leaders with guts and stamina?

I have advocated this for almost 20 years. That’s why they want to kill me. But together we are strong and freedom will prevail, 

Join me now. 

It’s not too late, yet.

#freedom #Hamas #HamasTerrorism #islam #Muhammad #israel #ISIS #alqaida #Taliban #terrorism 
#PVV #Wilders"
11/10/23,"Cowardly mayor in wartime. Just tell those Palestinians in your city to leave for Gaza if they don't like the fact that the Netherlands is supporting Israel against the barbaric terror of Hamas. And take down that Palestinian flag or join them!

#Israel #Vlaardingen #Hamas"
11/10/23,"Babies decapitated.
Families slaughtered.
This is worst than hell.

Hamas must be destroyed completely.
No restrain but vengeance.
For the loss of so many innocent Israeli lives.
For justice and the security of #Israel."
11/10/23,"Solidarity with #Israel. 

The Dutch and Israeli flag in my office in the Dutch Parliament!

🇳🇱🇮🇱"
11/10/23,This afternoon at 1:30 PM we will fortunately commemorate the Israeli victims of the Hamas terrorist actions in the House of Representatives. #Israel
11/10/23,"Babies decapitated.
Families slaughtered.
This is worst than hell.

Hamas must be destroyed completely.
No restrain but vengeance.
For the loss of so many innocent Israeli lives.
For justice and the security of #Israel."
10/10/23,"My questions for Prime Minister Rutte about Israel, the barbarism and hatred of #Hamas and the consequences for the Netherlands.

My questions in Parliament for Prime Minister Rutte about #Israel, the barbarism and hatred of Hamas and the consequences for The Netherlands."
10/10/23,"Joint statement Dutch parliament in support of Israel.

Joint declaration of support from the Dutch parliament for #Israel."
10/10/23,"Together with SGP colleague
@chris_stoffer
  we call on the House of Representatives to support Israel in a statement!

#Israel #IStandWithIsrael"
09/10/23,"We stand with #Israel!  🇮🇱

❤️"
09/10/23,"Islamic terrorists like Hamas, Islamic Jihad, Al Qaida, and ISIS are the scum of the earth. They hate Jews as their beloved false Prophet #Muhammad did. He ordered the beheading of 900 men from the Jewish tribe Banu Qurayza. They’ll never stop. We have to stop them. 

#Israel"
09/10/23,"Islamic terrorists like Hamas, Islamic Jihad, Al Qaida, and ISIS are the scum of the earth. They hate Jews as their beloved false Prophet #Muhammad did. He ordered the beheading of 900 men from the Jewish tribe Banu Qurayza. They’ll never stop. We have to stop them. 

#Israel"
09/10/23,Look at what is going on in our country. Muslims in our cities waving Palestinian flags to celebrate Hamas' terror against Israel and chanting that “Palestine will be liberated from the river to the sea.” It is time to put things in order in the Netherlands. #VotePVV
09/10/23,"Iran behind terror attack on #Israel. 

This is an Act of War.

And a huge unprecedented blunder from US President Biden to unfreeze $6 billion to #Iran."
09/10/23,"Rotterdam. 

Shame on them!

Those people dancing on the graves of innocent Israelis should all be expelled. 

#israel"
09/10/23,"This is not a war about land.
It is a war about hate.

They hate us.
They hate freedom.

They hate non-Muslims.

From #Israel to #India and #Europe and anywhere else where radical Muslims reside they terrorize us and we should stop appeasing and be determined to stop them now."
08/10/23,"Turkish President 
@RTErdogan
 supports Hamas for a long time already. He actually adores Arabs. He invites millions of them to come and stay in #Turkey, plunder the Turkish economy, destroy the Turkish culture and often harass Turkish women. He is changing Turkey in another Gaza."
08/10/23,"Sigrid #Kaag financed the #PFLP with Dutch taxpayers' money.

The PFLP is now once again committing terror against #Israel.

That is why Kaag has been so quiet over the past 24 hours. Out of shame."
08/10/23,"The supporters of
@groenlinks
  appears to be filled again with Israel haters. We already saw that with Kauthar Bouchallikht (in the photo below with a red headscarf), but there are many, many more. Disgusting!

#Israel"
08/10/23,"Rotterdam. 

Shame on them!

Those people dancing on the graves of innocent Israelis should all be expelled. 

#israel"
08/10/23,"Sigrid #Kaag financed the #PFLP with Dutch taxpayers' money.

The PFLP is now once again committing terror against #Israel.

That is why Kaag has been so quiet over the past 24 hours. Out of shame."
08/10/23,"When #Israel 🇮🇱 is under attack, we are all under attack.

Islamic terrorists hate Jews, Christians and all non-muslims.

Jerusalem, Paris, Rome, Amsterdam are all targets.

It’s a war between freedom and barbarity.

So let us all vigorously support our Israeli friends!"
08/10/23,"The response of #Israel must be tough. Restraint is a foolish Western concept that is perceived as weakness by Islamic terrorists. They call it a “Hudna”, a cease fire only to regroup and attack again. Make no mistake, this is Israel’s 9/11. An existential war. This week exactly 50 years after Yom Kippur, again an Islamic surprise attack. Israel deserves our full support and Hamas and Islamic Jihad including their leadership must be eradicated. There is no other way to peace."
07/10/23,"The PVV continues to rise. Another two virtual seats. ❤️

#PVV #VotePVV"
07/10/23,"Hamas cowards take Israeli women and children hostage.

They have no honor and know only hate. 

We celebrate life, they celebrate death.

#Israel 

https://twitter.com/_Hareem_Shah/status/1710670714745884845/video/1"
07/10/23,"Tel Aviv under attack now.

#Israel #IStandWithIsrael"
07/10/23,"Sigrid Kaag is so quiet.

#Israel"
07/10/23,"This is not a war about land.
It is a war about hate.

They hate us.
They hate freedom.

They hate non-Muslims.

From #Israel to #India and #Europe and anywhere else where radical Muslims reside they terrorize us and we should stop appeasing and be determined to stop them now."
07/10/23,"Mosques are used to incite war.

#Israel"
07/10/23,"Hamas cowards take Israeli women and children hostage.

They have no honor and know only hate. 

We celebrate life, they celebrate death.

#Israel 

https://twitter.com/_Hareem_Shah/status/1710670714745884845/video/1"
07/10/23,"Iranian scum in Majlis - Iranian parliament - celebrate the terror in #Israel today. The Islamic Republic of #Iran supports the terrorists of Hamas and Islamic Jihad  ideologically, financially and with weaponry and should be fully held accountable."
07/10/23,Look at those asylum seekers in a Greek refugee camp cheering over Hamas's bloody and barbaric Islamic terrorist attacks. Disgusting. Close the borders and send that scum away immediately!
07/10/23,"Sigrid Kaag is so quiet.

#Israel"
07/10/23,"“We are at war” says Netanyahu.

Indeed. And we support you. Give them hell.

#Israel"
07/10/23,"Israel ❤️

#Israel"
07/10/23,"When #Israel 🇮🇱 is under attack, we are all under attack.

Islamic terrorists hate Jews, Christians and all non-muslims.

Jerusalem, Paris, Rome, Amsterdam are all targets.

It’s a war between freedom and barbarity.

So let us all vigorously support our Israeli friends!"
07/10/23,"Mosques are used to incite war.

#Israel"
07/10/23,"Support for all our friends in #Israel and the 
@IDF
 against the islamic terrorists of Hamas!"
06/10/23,"Tarik, Fouad, it's something with all those Swedes, or are they Finns, in the Netherlands. Oh wait…"
06/10/23,"400,000 housing shortage.
And the government is mainly concerned with asylum seekers and gives our homes priority to status holders. Insane!

The PVV puts the Dutch first and gives our own people priority housing!

#PVV #VotePVV"
05/10/23,"Muslim threatens to behead me.

https://twitter.com/JamalLalkh8936/status/1706513352246047134/video/1"
05/10/23,Guns and threats. Idiots. https://twitter.com/JamalLalkh8936/status/1709594819696460118
05/10/23,They hijack the whole of the Netherlands.
05/10/23,"PVV CAMPAIGN FLYER

#PVV #VotePVV"
05/10/23,"Wonderful interview with the new star of the PVV, our number 3:
@MeetelenRachel
  in
@BNDeStem
  Today! 👍"
05/10/23,"Wonderful interview with the new star of the PVV, our number 3:
@MeetelenRachel
  in
@BNDeStem
  Today! 👍"
04/10/23,"Well that will be another special campaign, the threats are pouring in again...

Let's watch
@AIVD
 
@NCTV_NL
?"
04/10/23,"The coercive law therefore gains a majority in the House of Representatives thanks to the SP. But what about the VVD? In the House of Representatives the VVD faction voted against, but VVD-Sts
@ericvanderburg
  defended the bill with gusto, partly on behalf of the VVD leader and minister
@DilanYesilgoz
. 😳"
04/10/23,"PVV CAMPAIGN FLYER

#PVV #VotePVV"
04/10/23,"The SP therefore votes in favor of the coercive law and has no problems with 75,000 asylum seekers in the Netherlands.

All those asylum seekers get our money, our houses and care and the SP is fine with that. Incredible.

The PVV wants an #asylum stop and puts the Dutch first!

#PVV #VotePVV"
04/10/23,"MAKE THE PVV GREAT!

Then we will reverse this dangerous nonsense and introduce an #asylum freeze.

#PVV #VotePVV
#coercive law #distribution law"
03/10/23,"PVV hater
@Twan_Huys
  has NOT invited me to the TV debate despite the fact that the PVV is now the fourth largest party in all polls."
03/10/23,"MAKE THE PVV GREAT!

Then we will reverse this dangerous nonsense and introduce an #asylum freeze.

#PVV #VotePVV
#coercive law #distribution law"
03/10/23,"Kaag speaks at Kristallnacht commemoration
@CJO_NL
? She is pictured with terrorist Arafat and financed Palestinian terrorists. I wish the Jewish community better friends."
02/10/23,There is trouble in the EU. Hungarian and Polish Minister of Buza not present in Kiev today. Brussels fears winner of Slovak elections. Total powerlessness of Brussels bureaucrats over - and growing resistance of citizens against - continued asylum influx. It's election time!
02/10/23,Everything for a well-paid job.
02/10/23,"I have been invited to join as a guest a week before the elections on Wednesday, November 15
@todayinside
  accepted! 👍"
02/10/23,"On Tuesday evening, November 14, I will venture into the lion's den and be a guest
@Nieuwsuur
. M curious! 🫢"